title,price,rating,reviews,availability
PlayStation 4 Slim 1TB Console - Black (Renewed),,3.9 out of 5 stars,"1,759 ratings",Not Available
Sony PlayStation 4 500GB Console (Renewed),,3.9 out of 5 stars,"1,378 ratings",Only 1 left in stock - order soon.
"Playstation SONY 4, 500GB Slim System [CUH-2215AB01], Black, 3003347 (Renewed)",,4.3 out of 5 stars,477 ratings,Not Available
Sony PlayStation 4 500GB Premium Bundle (Renewed),,3.5 out of 5 stars,25 ratings,Not Available
Sony PlayStation 4 Slim Limited Edition 1TB Gaming Console (Renewed),,4.2 out of 5 stars,"1,496 ratings",Only 1 left in stock - order soon.
Sony Playstation PS4 1TB Black Console,,4.7 out of 5 stars,"1,553 ratings",Not Available
"Sony PlayStation 4 Pro w/ Accessories, 1TB HDD, CUH-7215B - Jet Black (Renewed)",,4.0 out of 5 stars,"1,034 ratings",Not Available
PlayStation 4 Slim 500GB Console [Discontinued] (Renewed),,4.3 out of 5 stars,"1,423 ratings",Only 1 left in stock - order soon.
"Playstation Sony 4, 500GB Slim System [CUH-2215AB01], Black, 3003347",,4.4 out of 5 stars,369 ratings,Not Available
Sony PlayStation 4 Console 1TB - Black (Renewed),,4.0 out of 5 stars,10 ratings,Not Available
PlayStation 4 Slim 1TB Console,,4.7 out of 5 stars,"15,739 ratings",Not Available
PlayStation®4 Console – Call of Duty® Modern Warfare II Bundle,,4.5 out of 5 stars,116 ratings,Not Available
PlayStation 4 Console - 1TB Slim Edition (Renewed),,3.9 out of 5 stars,95 ratings,Only 1 left in stock - order soon.
Sony PlayStation 4 500GB Console Only (Renewed),,3.2 out of 5 stars,9 ratings,Not Available
Sony PlayStation 4 Slim 500GB Premium Bundle,,Previous page of related Sponsored Products,,Not Available
"Sony PlayStation 4 Console, Renewed, Black",,4.1 out of 5 stars,229 ratings,Not Available
PlayStation 4 Slim 1TB Console - Black (Renewed),,3.9 out of 5 stars,"1,759 ratings",Not Available
Sony PlayStation 2 Console - Black (Renewed),,4.1 out of 5 stars,"1,512 ratings",Not Available
Sony PlayStation 4 Slim Limited Edition 1TB Gaming Console (Renewed),,4.2 out of 5 stars,"1,496 ratings",Not Available
PlayStation 4 Slim 500GB Console [Discontinued] (Renewed),,4.3 out of 5 stars,"1,423 ratings",In Stock
Sony PlayStation 4 500GB Console (Renewed),,3.9 out of 5 stars,"1,378 ratings",Only 1 left in stock - order soon.
"Sony PlayStation 4 Pro w/ Accessories, 1TB HDD, CUH-7215B - Jet Black (Renewed)",,4.0 out of 5 stars,"1,034 ratings",Not Available
Xbox 360 250GB Slim Console - (Renewed),,3.8 out of 5 stars,850 ratings,Not Available
"Playstation SONY 4, 500GB Slim System [CUH-2215AB01], Black, 3003347 (Renewed)",,4.3 out of 5 stars,477 ratings,Not Available
"Retro Game Console, Plug and Play Video Game Console Built in 20000+ Games, 23 Classic Emulators, 4K High Definition HDMI Output for TV with Dual Controllers",,4.0 out of 5 stars,31 ratings,Not Available
"PXN Gaming Steering Wheel - V9 GEN2 Xbox Racing Wheel 270/900° Car Simulation with Pedal and Shifter, Paddle Shifters Driving Wheel for PC, PS4, Xbox One, Xbox Series X|S, Switch",,5.0 out of 5 stars,1 rating,In Stock
"FIFINE Gaming Headset for PC-Wired Headphones with Microphone-7.1 Surround Sound Computer USB Headset for Laptop, Streaming Headphones on PS4/PS5, with EQ Mode, RGB, Soft Ear Pads - AmpliGame H6",,4.2 out of 5 stars,"1,584 ratings",Not Available
